ds,y
2022-02-24, 6.57
2022-02-25, 7.08
2022-02-28, 8.16
2022-03-01, 8.26
2022-03-02, 9.55
2022-03-03, 9.50
2022-03-04, 9.13
2022-03-07, 9.63
2022-03-08, 9.15
2022-03-09, 9.17
2022-03-10, 9.36
2022-03-11, 9.80
2022-03-14, 9.34
2022-03-15, 9.40
2022-03-16, 9.42
2022-03-17, 9.88
2022-03-18, 9.76
2022-03-21, 9.73
2022-03-22, 9.70
2022-03-23, 9.80
2022-03-24, 9.86
2022-03-25, 9.43
2022-03-28, 9.30
2022-03-29, 9.11
2022-03-30, 9.34
2022-03-31, 9.12
2022-04-01, 9.27
2022-04-04, 8.90
2022-04-05, 9.04
2022-04-06, 9.20
2022-04-07, 8.56
2022-04-08, 8.87
2022-04-11, 9.40
2022-04-12, 9.43
2022-04-13, 9.37
2022-04-14, 9.32
2022-04-15, 9.32
2022-04-18, 9.32
2022-04-19, 9.25
2022-04-20, 9.27
2022-04-21, 8.99
2022-04-22, 8.99
2022-04-25, 9.60
2022-04-26, 9.39
2022-04-27, 9.49
2022-04-28, 9.90
2022-04-29, 9.88
2022-05-02, 9.40
2022-05-04, 9.66
2022-05-05, 9.32
2022-05-06, 9.28
2022-05-09, 9.29
2022-05-10, 9.17
2022-05-11, 8.82
2022-05-12, 8.71
2022-05-13, 9.48
2022-05-16, 9.64
2022-05-17, 9.35
2022-05-18, 9.85
2022-05-19, 9.53
2022-05-20, 9.67
2022-05-23, 10.38
2022-05-24, 10.26
2022-05-25, 9.84
2022-05-26, 10.27
2022-05-27, 10.00
2022-05-30, 10.37
2022-05-31, 10.11
2022-06-01, 10.16
2022-06-02, 10.06
2022-06-03, 10.57
2022-06-06, 10.50
2022-06-07, 10.32
2022-06-08, 10.16
2022-06-09, 10.27
2022-06-10, 10.27
2022-06-13, 10.21
2022-06-14, 10.35
2022-06-15, 10.55
2022-06-17, 10.87
2022-06-20, 10.82
2022-06-21, 11.02
2022-06-22, 10.73
2022-06-23, 10.71
2022-06-24, 10.93
2022-06-27, 11.03
2022-06-28, 10.81
2022-06-29, 10.76
2022-06-30, 10.65
2022-07-01, 10.88
2022-07-04, 10.54
2022-07-05, 10.50
2022-07-06, 9.88
2022-07-07, 10.30
2022-07-08, 10.35
2022-07-11, 9.79
2022-07-12, 9.96
2022-07-13, 9.84
2022-07-14, 10.05
2022-07-15, 9.94
2022-07-18, 10.26
2022-07-19, 10.54
2022-07-20, 10.52
2022-07-21, 10.36
2022-07-22, 10.54
2022-07-25, 10.33
2022-07-26, 10.54
2022-07-27, 10.47
2022-07-28, 10.16
2022-07-29, 10.34
2022-08-01, 10.20
2022-08-02, 9.90
2022-08-03, 9.93
2022-08-04, 9.51
2022-08-05, 9.55
2022-08-08, 9.80
2022-08-09, 9.73
2022-08-10, 9.57
2022-08-11, 9.63
2022-08-12, 9.73
2022-08-16, 9.63
2022-08-17, 9.58
2022-08-18, 9.45
2022-08-19, 8.96
2022-08-22, 8.69
2022-08-23, 8.68
2022-08-24, 8.27
2022-08-25, 8.17
2022-08-26, 7.65
2022-08-29, 7.48
2022-08-30, 7.20
2022-08-31, 7.17
2022-09-01, 7.04
2022-09-02, 7.21
2022-09-05, 7.07
2022-09-06, 6.72
2022-09-07, 7.22
2022-09-08, 7.19
2022-09-09, 7.63
2022-09-12, 7.23
2022-09-13, 6.93
2022-09-14, 6.91
2022-09-15, 6.82
2022-09-16, 6.66
2022-09-19, 7.05
2022-09-20, 6.88
2022-09-21, 6.93
2022-09-22, 7.04
2022-09-23, 6.90
2022-09-26, 6.43
2022-09-27, 6.52
2022-09-28, 6.50
2022-09-29, 6.20
2022-09-30, 6.28
2022-10-03, 6.38
2022-10-04, 6.49
2022-10-05, 6.36
2022-10-06, 6.30
2022-10-07, 6.13
2022-10-10, 5.82
2022-10-11, 5.75
2022-10-12, 5.66
2022-10-13, 5.42
2022-10-14, 5.33
2022-10-17, 5.59
2022-10-18, 5.23
2022-10-19, 4.95
2022-10-20, 4.88
2022-10-21, 4.74
2022-10-24, 4.74
2022-10-25, 5.05
2022-10-26, 5.20
2022-10-27, 5.17
2022-10-28, 5.33
2022-10-31, 5.45
2022-11-02, 5.84
2022-11-03, 5.80
2022-11-04, 6.19
2022-11-07, 5.76
2022-11-08, 5.89
2022-11-09, 6.01
2022-11-10, 6.25
2022-11-14, 6.27
2022-11-15, 6.31
2022-11-16, 6.33
2022-11-17, 6.60
2022-11-18, 6.56
2022-11-21, 6.72
2022-11-22, 6.82
2022-11-23, 6.61
2022-11-24, 6.38